nombre,email,edad,salario
Cristal Nazario Baeza,abreucarolina@example.com,63,36766
Rodrigo Delgado Elizondo,elvira08@example.com,43,25730
Lucía Mayorga Escobar,carlasuarez@example.com,18,44766
Paola Mariana Altamirano,ariadnacontreras@example.org,28,47198
Claudia Mayte Cepeda Tamez,nramirez@example.com,48,32635
Genaro Mónica Nazario,salvador46@example.net,29,36545
Claudio Adán Negrón,gastelumamanda@example.net,21,21918
Rodrigo Tafoya Pedraza,rrojo@example.com,46,41746
Ing. Elisa Patiño,gabino69@example.net,27,16324
Lic. Ruby Jaramillo,nayeliavila@example.net,34,41162
Vanesa Eva Bernal Peña,marcelamaestas@example.net,40,27585
Gabriel Casas Trejo,lindalomeli@example.net,45,29577
Esperanza Cristina Briones Curiel,miguelaparicio@example.org,27,16000
Gregorio Margarita Villanueva Lira,luis-miguel95@example.com,37,33511
Horacio Hurtado Peralta,rosalia51@example.net,45,21667
Josefina Fuentes Aparicio,camila68@example.com,41,18149
Hernán Villaseñor,arceadan@example.net,25,41972
Isabel Quintanilla,recheverria@example.org,60,48250
Abigail Fernando Valenzuela Gallardo,juanpedroza@example.org,34,28856
Bernardo Rael,gregorio11@example.net,35,11840
Javier Casárez,conchita11@example.com,31,12059
Emilio Hermelinda Cantú,lmedina@example.net,41,27184
Alfredo Rojas Salgado,olivasoscar@example.com,32,29982
Marisol Salma Rangel,tejedairene@example.com,23,8259
Sr(a). Graciela Posada,ramon95@example.com,60,31163
Alvaro Clemente Villegas Fuentes,rosassocorro@example.net,27,21336
Hernán Reyna Zapata,fquintanilla@example.org,25,37759
Martín Arias Arce,wgarica@example.net,25,34611
Martín Vélez Herrera,nrolon@example.org,20,37194
Olga Sandra Santacruz,victoria96@example.net,52,16664
Concepción José Emilio Baca Santillán,hgamez@example.org,30,29402
Mtro. Omar Melgar,ncamarillo@example.com,26,17901
Sr(a). Olga Madrigal,romomaria-teresa@example.net,63,36106
Cynthia Mora Gil,xmartinez@example.com,53,24860
Reynaldo Prado Paz,hgranados@example.net,64,37904
Adela de León,graciela84@example.net,41,44813
Ing. María Luisa Saucedo,elviapaez@example.net,58,15904
Esmeralda Montalvo Peralta,xcarranza@example.org,23,30435
Clemente Abril Ochoa Bustamante,girondolores@example.com,38,13282
Lilia Orosco,tirizarry@example.org,49,32827
Eduardo Luis Manuel Fierro,carmen44@example.com,40,11906
Susana María José Sandoval,aurora84@example.net,52,20163
Hugo Silvia Santiago Vergara,emontenegro@example.com,19,17524
María José Valentín Zepeda,qblanco@example.org,27,9555
Silvano Aranda,saavedragonzalo@example.net,45,45319
Cristobal Montañez,kbarrera@example.org,40,25957
Dr. Marisol Cordero,jose-carlosgalvan@example.com,36,28300
Amanda Urías,manuel21@example.net,21,34337
Mónica Alejandra Pelayo Mota,cuellarmaria-teresa@example.org,48,20799
Óscar Nava Borrego,kfigueroa@example.net,27,36687
Lic. Victoria Mondragón,plomeli@example.net,22,20139
Homero Ana Portillo Godoy,alvarezindira@example.com,63,48078
Claudio Silvia Reyes,sandraduenas@example.com,29,36405
Ariadna Lozano,amanda15@example.com,48,9924
María del Carmen Montez Rael,guadalupezambrano@example.net,44,30111
Ramiro Pamela Guevara Altamirano,maria-teresa97@example.com,60,46396
Mariana Bianca Jasso Samaniego,ruben34@example.com,18,10191
Salvador Valladares,diego36@example.net,50,34303
Helena Gastélum,kbarrientos@example.org,24,25559
María Eugenia Ana María Barrios,alvaro57@example.org,65,34639
Miguel Ángel Quintanilla de Jesús,maciaslilia@example.org,57,13325
Lic. Miriam Preciado,gustavo32@example.net,39,29736
Margarita Preciado,estebancarreon@example.net,32,19231
Magdalena Perla Terrazas,fidelhinojosa@example.org,45,10179
Claudia Gabriela Alcala,gonzalesdaniel@example.net,43,48855
Estela Abigail Alva,angelagalindo@example.com,56,41942
Lic. Ángela Briseño,maria-elenagonzales@example.net,64,40093
César Hilda Patiño,claraquintanilla@example.com,20,12792
Olivia Ruiz,fmaestas@example.org,64,38217
Eduardo Fuentes,paola66@example.com,35,34644
Eduardo Cintrón,noelia58@example.net,62,34938
María Teresa Alba Correa,laurarobles@example.net,55,34954
Sr(a). Minerva Anaya,omar42@example.org,21,32957
Tania Villanueva,riverojavier@example.com,44,11639
Sr(a). Sonia Paz,cristal47@example.org,43,14551
Mariano Alvarez Salgado,qsotelo@example.net,30,47441
Francisca Federico Chapa Jaimes,mariagallardo@example.net,59,24863
